,0,1,log
0,,,"['unable to get the rating', 'unable to get the user rating']"
1,89,8.2,[]
2,96,9.0,[]
3,,6.5,['unable to get the rating']
4,72,7.8,[]
5,,7.5,['unable to get the rating']
6,,tbd,['unable to get the rating']
7,,tbd,['unable to get the rating']
8,,tbd,['unable to get the rating']
9,74,8.8,[]
10,,tbd,['unable to get the rating']
11,,tbd,['unable to get the rating']
12,,tbd,['unable to get the rating']
13,,,"['unable to get the rating', 'unable to get the user rating']"
14,,tbd,['unable to get the rating']
15,,3.8,['unable to get the rating']
16,,tbd,['unable to get the rating']
17,,tbd,['unable to get the rating']
18,,tbd,['unable to get the rating']
19,,tbd,['unable to get the rating']
20,,tbd,['unable to get the rating']
21,,tbd,['unable to get the rating']
22,,,"['unable to get the rating', 'unable to get the user rating']"
23,,,"['unable to get the rating', 'unable to get the user rating']"
24,,,"['unable to get the rating', 'unable to get the user rating']"
25,,,"['unable to get the rating', 'unable to get the user rating']"
26,,tbd,['unable to get the rating']
27,,,"['unable to get the rating', 'unable to get the user rating']"
28,,,"['unable to get the rating', 'unable to get the user rating']"
29,,,"['unable to get the rating', 'unable to get the user rating']"
30,51,tbd,[]
31,,,"['unable to get the rating', 'unable to get the user rating']"
32,,,"['unable to get the rating', 'unable to get the user rating']"
33,,tbd,['unable to get the rating']
34,,tbd,['unable to get the rating']
35,,tbd,['unable to get the rating']
36,57,tbd,[]
37,,,"['unable to get the rating', 'unable to get the user rating']"
38,,tbd,['unable to get the rating']
39,,tbd,['unable to get the rating']
40,,,"['unable to get the rating', 'unable to get the user rating']"
41,,tbd,['unable to get the rating']
42,,,"['unable to get the rating', 'unable to get the user rating']"
43,,tbd,['unable to get the rating']
44,,tbd,['unable to get the rating']
45,,tbd,['unable to get the rating']
46,,,"['unable to get the rating', 'unable to get the user rating']"
47,,tbd,['unable to get the rating']
48,,,"['unable to get the rating', 'unable to get the user rating']"
49,,,"['unable to get the rating', 'unable to get the user rating']"
50,,tbd,['unable to get the rating']
51,87,8.4,[]
52,,tbd,['unable to get the rating']
53,91,8.4,[]
54,,tbd,['unable to get the rating']
55,,,"['unable to get the rating', 'unable to get the user rating']"
56,,,"['unable to get the rating', 'unable to get the user rating']"
57,,,"['unable to get the rating', 'unable to get the user rating']"
58,,,"['unable to get the rating', 'unable to get the user rating']"
59,,,"['unable to get the rating', 'unable to get the user rating']"
60,,,"['unable to get the rating', 'unable to get the user rating']"
61,,,"['unable to get the rating', 'unable to get the user rating']"
62,,,"['unable to get the rating', 'unable to get the user rating']"
63,,,"['unable to get the rating', 'unable to get the user rating']"
64,,,"['unable to get the rating', 'unable to get the user rating']"
65,,,"['unable to get the rating', 'unable to get the user rating']"
66,,,"['unable to get the rating', 'unable to get the user rating']"
67,,,"['unable to get the rating', 'unable to get the user rating']"
68,,,"['unable to get the rating', 'unable to get the user rating']"
69,,,"['unable to get the rating', 'unable to get the user rating']"
70,,,"['unable to get the rating', 'unable to get the user rating']"
71,,,"['unable to get the rating', 'unable to get the user rating']"
72,,,"['unable to get the rating', 'unable to get the user rating']"
73,,,"['unable to get the rating', 'unable to get the user rating']"
74,,,"['unable to get the rating', 'unable to get the user rating']"
75,,,"['unable to get the rating', 'unable to get the user rating']"
76,,,"['unable to get the rating', 'unable to get the user rating']"
77,,,"['unable to get the rating', 'unable to get the user rating']"
78,,,"['unable to get the rating', 'unable to get the user rating']"
79,,,"['unable to get the rating', 'unable to get the user rating']"
80,,,"['unable to get the rating', 'unable to get the user rating']"
81,,,"['unable to get the rating', 'unable to get the user rating']"
82,,,"['unable to get the rating', 'unable to get the user rating']"
83,,,"['unable to get the rating', 'unable to get the user rating']"
84,,,"['unable to get the rating', 'unable to get the user rating']"
85,,,"['unable to get the rating', 'unable to get the user rating']"
86,,,"['unable to get the rating', 'unable to get the user rating']"
87,,tbd,['unable to get the rating']
88,76,tbd,[]
89,,,"['unable to get the rating', 'unable to get the user rating']"
90,76,4.2,[]
91,,,"['unable to get the rating', 'unable to get the user rating']"
92,,,"['unable to get the rating', 'unable to get the user rating']"
93,,tbd,['unable to get the rating']
94,,,"['unable to get the rating', 'unable to get the user rating']"
95,,tbd,['unable to get the rating']
96,,,"['unable to get the rating', 'unable to get the user rating']"
97,,,"['unable to get the rating', 'unable to get the user rating']"
98,,tbd,['unable to get the rating']
99,85,8.8,[]
100,,,"['unable to get the rating', 'unable to get the user rating']"
101,,,"['unable to get the rating', 'unable to get the user rating']"
102,,,"['unable to get the rating', 'unable to get the user rating']"
103,,,"['unable to get the rating', 'unable to get the user rating']"
104,,,"['unable to get the rating', 'unable to get the user rating']"
105,,,"['unable to get the rating', 'unable to get the user rating']"
106,,,"['unable to get the rating', 'unable to get the user rating']"
107,,,"['unable to get the rating', 'unable to get the user rating']"
108,,,"['unable to get the rating', 'unable to get the user rating']"
109,,,"['unable to get the rating', 'unable to get the user rating']"
110,,,"['unable to get the rating', 'unable to get the user rating']"
111,,,"['unable to get the rating', 'unable to get the user rating']"
112,,,"['unable to get the rating', 'unable to get the user rating']"
113,,,"['unable to get the rating', 'unable to get the user rating']"
114,,,"['unable to get the rating', 'unable to get the user rating']"
115,,,"['unable to get the rating', 'unable to get the user rating']"
116,,,"['unable to get the rating', 'unable to get the user rating']"
117,,,"['unable to get the rating', 'unable to get the user rating']"
118,,,"['unable to get the rating', 'unable to get the user rating']"
119,,,"['unable to get the rating', 'unable to get the user rating']"
120,,,"['unable to get the rating', 'unable to get the user rating']"
121,,,"['unable to get the rating', 'unable to get the user rating']"
122,,,"['unable to get the rating', 'unable to get the user rating']"
123,,,"['unable to get the rating', 'unable to get the user rating']"
124,,,"['unable to get the rating', 'unable to get the user rating']"
125,,,"['unable to get the rating', 'unable to get the user rating']"
126,,,"['unable to get the rating', 'unable to get the user rating']"
127,,,"['unable to get the rating', 'unable to get the user rating']"
128,,,"['unable to get the rating', 'unable to get the user rating']"
129,,,"['unable to get the rating', 'unable to get the user rating']"
130,,tbd,['unable to get the rating']
131,,,"['unable to get the rating', 'unable to get the user rating']"
132,,,"['unable to get the rating', 'unable to get the user rating']"
133,,tbd,['unable to get the rating']
134,,,"['unable to get the rating', 'unable to get the user rating']"
135,,,"['unable to get the rating', 'unable to get the user rating']"
136,,,"['unable to get the rating', 'unable to get the user rating']"
137,,,"['unable to get the rating', 'unable to get the user rating']"
138,,,"['unable to get the rating', 'unable to get the user rating']"
139,,,"['unable to get the rating', 'unable to get the user rating']"
140,,,"['unable to get the rating', 'unable to get the user rating']"
141,,,"['unable to get the rating', 'unable to get the user rating']"
142,,,"['unable to get the rating', 'unable to get the user rating']"
143,,,"['unable to get the rating', 'unable to get the user rating']"
144,,tbd,['unable to get the rating']
145,,tbd,['unable to get the rating']
146,,7.6,['unable to get the rating']
147,,tbd,['unable to get the rating']
148,,,"['unable to get the rating', 'unable to get the user rating']"
149,,,"['unable to get the rating', 'unable to get the user rating']"
150,,,"['unable to get the rating', 'unable to get the user rating']"
151,,,"['unable to get the rating', 'unable to get the user rating']"
152,,,"['unable to get the rating', 'unable to get the user rating']"
153,55,7.3,[]
154,,,"['unable to get the rating', 'unable to get the user rating']"
155,,,"['unable to get the rating', 'unable to get the user rating']"
156,,tbd,['unable to get the rating']
157,72,tbd,[]
158,,,"['unable to get the rating', 'unable to get the user rating']"
159,,tbd,['unable to get the rating']
160,,,"['unable to get the rating', 'unable to get the user rating']"
161,,tbd,['unable to get the rating']
162,,,"['unable to get the rating', 'unable to get the user rating']"
163,,,"['unable to get the rating', 'unable to get the user rating']"
164,70,6.8,[]
165,,,"['unable to get the rating', 'unable to get the user rating']"
166,,tbd,['unable to get the rating']
167,,,"['unable to get the rating', 'unable to get the user rating']"
168,,,"['unable to get the rating', 'unable to get the user rating']"
169,,,"['unable to get the rating', 'unable to get the user rating']"
170,,tbd,['unable to get the rating']
171,,,"['unable to get the rating', 'unable to get the user rating']"
172,,,"['unable to get the rating', 'unable to get the user rating']"
173,,,"['unable to get the rating', 'unable to get the user rating']"
174,,,"['unable to get the rating', 'unable to get the user rating']"
175,,,"['unable to get the rating', 'unable to get the user rating']"
176,,,"['unable to get the rating', 'unable to get the user rating']"
177,,,"['unable to get the rating', 'unable to get the user rating']"
178,,,"['unable to get the rating', 'unable to get the user rating']"
179,,tbd,['unable to get the rating']
180,,,"['unable to get the rating', 'unable to get the user rating']"
181,,,"['unable to get the rating', 'unable to get the user rating']"
182,,,"['unable to get the rating', 'unable to get the user rating']"
183,,,"['unable to get the rating', 'unable to get the user rating']"
184,,,"['unable to get the rating', 'unable to get the user rating']"
185,,,"['unable to get the rating', 'unable to get the user rating']"
186,,,"['unable to get the rating', 'unable to get the user rating']"
187,,,"['unable to get the rating', 'unable to get the user rating']"
188,,,"['unable to get the rating', 'unable to get the user rating']"
189,,,"['unable to get the rating', 'unable to get the user rating']"
190,,,"['unable to get the rating', 'unable to get the user rating']"
191,,,"['unable to get the rating', 'unable to get the user rating']"
192,65,tbd,[]
193,,,"['unable to get the rating', 'unable to get the user rating']"
194,,tbd,['unable to get the rating']
195,66,5.8,[]
196,,tbd,['unable to get the rating']
197,,,"['unable to get the rating', 'unable to get the user rating']"
198,,,"['unable to get the rating', 'unable to get the user rating']"
199,,,"['unable to get the rating', 'unable to get the user rating']"
200,,,"['unable to get the rating', 'unable to get the user rating']"
201,,,"['unable to get the rating', 'unable to get the user rating']"
202,,,"['unable to get the rating', 'unable to get the user rating']"
203,,,"['unable to get the rating', 'unable to get the user rating']"
204,,,"['unable to get the rating', 'unable to get the user rating']"
205,,,"['unable to get the rating', 'unable to get the user rating']"
206,,,"['unable to get the rating', 'unable to get the user rating']"
207,,,"['unable to get the rating', 'unable to get the user rating']"
208,,,"['unable to get the rating', 'unable to get the user rating']"
209,,,"['unable to get the rating', 'unable to get the user rating']"
210,,,"['unable to get the rating', 'unable to get the user rating']"
211,,,"['unable to get the rating', 'unable to get the user rating']"
212,,,"['unable to get the rating', 'unable to get the user rating']"
213,,tbd,['unable to get the rating']
214,,tbd,['unable to get the rating']
215,,,"['unable to get the rating', 'unable to get the user rating']"
216,,tbd,['unable to get the rating']
217,,,"['unable to get the rating', 'unable to get the user rating']"
218,,,"['unable to get the rating', 'unable to get the user rating']"
219,,,"['unable to get the rating', 'unable to get the user rating']"
220,66,6.6,[]
221,,,"['unable to get the rating', 'unable to get the user rating']"
222,,tbd,['unable to get the rating']
223,,,"['unable to get the rating', 'unable to get the user rating']"
224,,,"['unable to get the rating', 'unable to get the user rating']"
225,,,"['unable to get the rating', 'unable to get the user rating']"
226,,,"['unable to get the rating', 'unable to get the user rating']"
227,,,"['unable to get the rating', 'unable to get the user rating']"
228,72,7.8,[]
229,,,"['unable to get the rating', 'unable to get the user rating']"
230,,,"['unable to get the rating', 'unable to get the user rating']"
231,58,tbd,[]
232,,tbd,['unable to get the rating']
233,,,"['unable to get the rating', 'unable to get the user rating']"
234,,,"['unable to get the rating', 'unable to get the user rating']"
235,,,"['unable to get the rating', 'unable to get the user rating']"
236,,,"['unable to get the rating', 'unable to get the user rating']"
237,,,"['unable to get the rating', 'unable to get the user rating']"
238,,,"['unable to get the rating', 'unable to get the user rating']"
239,,,"['unable to get the rating', 'unable to get the user rating']"
240,,9.3,['unable to get the rating']
241,,,"['unable to get the rating', 'unable to get the user rating']"
242,,,"['unable to get the rating', 'unable to get the user rating']"
243,,,"['unable to get the rating', 'unable to get the user rating']"
244,,,"['unable to get the rating', 'unable to get the user rating']"
245,47,6.1,[]
246,,,"['unable to get the rating', 'unable to get the user rating']"
247,,tbd,['unable to get the rating']
248,,,"['unable to get the rating', 'unable to get the user rating']"
249,,,"['unable to get the rating', 'unable to get the user rating']"
250,,,"['unable to get the rating', 'unable to get the user rating']"
251,,tbd,['unable to get the rating']
252,,,"['unable to get the rating', 'unable to get the user rating']"
253,,,"['unable to get the rating', 'unable to get the user rating']"
254,,,"['unable to get the rating', 'unable to get the user rating']"
255,,,"['unable to get the rating', 'unable to get the user rating']"
256,,,"['unable to get the rating', 'unable to get the user rating']"
257,,,"['unable to get the rating', 'unable to get the user rating']"
258,,tbd,['unable to get the rating']
259,,,"['unable to get the rating', 'unable to get the user rating']"
260,,tbd,['unable to get the rating']
261,,,"['unable to get the rating', 'unable to get the user rating']"
262,64,6.0,[]
263,,,"['unable to get the rating', 'unable to get the user rating']"
264,,,"['unable to get the rating', 'unable to get the user rating']"
265,,tbd,['unable to get the rating']
266,,,"['unable to get the rating', 'unable to get the user rating']"
267,,,"['unable to get the rating', 'unable to get the user rating']"
268,,,"['unable to get the rating', 'unable to get the user rating']"
269,,,"['unable to get the rating', 'unable to get the user rating']"
270,,,"['unable to get the rating', 'unable to get the user rating']"
271,,,"['unable to get the rating', 'unable to get the user rating']"
272,,tbd,['unable to get the rating']
273,,,"['unable to get the rating', 'unable to get the user rating']"
274,,tbd,['unable to get the rating']
275,,,"['unable to get the rating', 'unable to get the user rating']"
276,,,"['unable to get the rating', 'unable to get the user rating']"
277,,,"['unable to get the rating', 'unable to get the user rating']"
278,,,"['unable to get the rating', 'unable to get the user rating']"
279,,,"['unable to get the rating', 'unable to get the user rating']"
280,,,"['unable to get the rating', 'unable to get the user rating']"
281,,,"['unable to get the rating', 'unable to get the user rating']"
282,,,"['unable to get the rating', 'unable to get the user rating']"
283,,,"['unable to get the rating', 'unable to get the user rating']"
284,,,"['unable to get the rating', 'unable to get the user rating']"
285,47,tbd,[]
286,,,"['unable to get the rating', 'unable to get the user rating']"
287,,,"['unable to get the rating', 'unable to get the user rating']"
288,,,"['unable to get the rating', 'unable to get the user rating']"
289,,,"['unable to get the rating', 'unable to get the user rating']"
290,,,"['unable to get the rating', 'unable to get the user rating']"
291,,,"['unable to get the rating', 'unable to get the user rating']"
292,,,"['unable to get the rating', 'unable to get the user rating']"
293,,,"['unable to get the rating', 'unable to get the user rating']"
294,,,"['unable to get the rating', 'unable to get the user rating']"
295,,,"['unable to get the rating', 'unable to get the user rating']"
296,,,"['unable to get the rating', 'unable to get the user rating']"
297,,,"['unable to get the rating', 'unable to get the user rating']"
298,,,"['unable to get the rating', 'unable to get the user rating']"
299,,tbd,['unable to get the rating']
300,,,"['unable to get the rating', 'unable to get the user rating']"
301,,,"['unable to get the rating', 'unable to get the user rating']"
302,,,"['unable to get the rating', 'unable to get the user rating']"
303,,,"['unable to get the rating', 'unable to get the user rating']"
304,,,"['unable to get the rating', 'unable to get the user rating']"
305,,,"['unable to get the rating', 'unable to get the user rating']"
306,,,"['unable to get the rating', 'unable to get the user rating']"
307,,,"['unable to get the rating', 'unable to get the user rating']"
308,,,"['unable to get the rating', 'unable to get the user rating']"
309,,,"['unable to get the rating', 'unable to get the user rating']"
310,,tbd,['unable to get the rating']
311,,tbd,['unable to get the rating']
312,,,"['unable to get the rating', 'unable to get the user rating']"
313,,,"['unable to get the rating', 'unable to get the user rating']"
314,,tbd,['unable to get the rating']
315,,,"['unable to get the rating', 'unable to get the user rating']"
316,,,"['unable to get the rating', 'unable to get the user rating']"
317,,,"['unable to get the rating', 'unable to get the user rating']"
318,,,"['unable to get the rating', 'unable to get the user rating']"
319,,,"['unable to get the rating', 'unable to get the user rating']"
320,,,"['unable to get the rating', 'unable to get the user rating']"
321,,,"['unable to get the rating', 'unable to get the user rating']"
322,,,"['unable to get the rating', 'unable to get the user rating']"
323,,,"['unable to get the rating', 'unable to get the user rating']"
324,,,"['unable to get the rating', 'unable to get the user rating']"
325,,,"['unable to get the rating', 'unable to get the user rating']"
326,,,"['unable to get the rating', 'unable to get the user rating']"
327,,tbd,['unable to get the rating']
328,,,"['unable to get the rating', 'unable to get the user rating']"
329,,,"['unable to get the rating', 'unable to get the user rating']"
330,,,"['unable to get the rating', 'unable to get the user rating']"
331,,,"['unable to get the rating', 'unable to get the user rating']"
332,,,"['unable to get the rating', 'unable to get the user rating']"
333,,,"['unable to get the rating', 'unable to get the user rating']"
334,,,"['unable to get the rating', 'unable to get the user rating']"
335,,,"['unable to get the rating', 'unable to get the user rating']"
336,,,"['unable to get the rating', 'unable to get the user rating']"
337,,tbd,['unable to get the rating']
338,,,"['unable to get the rating', 'unable to get the user rating']"
339,,,"['unable to get the rating', 'unable to get the user rating']"
340,,,"['unable to get the rating', 'unable to get the user rating']"
341,,,"['unable to get the rating', 'unable to get the user rating']"
342,,,"['unable to get the rating', 'unable to get the user rating']"
343,,,"['unable to get the rating', 'unable to get the user rating']"
344,,,"['unable to get the rating', 'unable to get the user rating']"
345,,,"['unable to get the rating', 'unable to get the user rating']"
346,,,"['unable to get the rating', 'unable to get the user rating']"
347,,tbd,['unable to get the rating']
348,,,"['unable to get the rating', 'unable to get the user rating']"
349,,,"['unable to get the rating', 'unable to get the user rating']"
350,,,"['unable to get the rating', 'unable to get the user rating']"
351,,,"['unable to get the rating', 'unable to get the user rating']"
352,,,"['unable to get the rating', 'unable to get the user rating']"
353,64,6.5,[]
354,,,"['unable to get the rating', 'unable to get the user rating']"
355,,,"['unable to get the rating', 'unable to get the user rating']"
356,,,"['unable to get the rating', 'unable to get the user rating']"
357,40,6.7,[]
358,,,"['unable to get the rating', 'unable to get the user rating']"
359,,tbd,['unable to get the rating']
360,,,"['unable to get the rating', 'unable to get the user rating']"
361,,,"['unable to get the rating', 'unable to get the user rating']"
362,,,"['unable to get the rating', 'unable to get the user rating']"
363,,tbd,['unable to get the rating']
364,,tbd,['unable to get the rating']
365,,tbd,['unable to get the rating']
366,,tbd,['unable to get the rating']
367,58,4.3,[]
368,,,"['unable to get the rating', 'unable to get the user rating']"
369,,,"['unable to get the rating', 'unable to get the user rating']"
370,,tbd,['unable to get the rating']
371,,,"['unable to get the rating', 'unable to get the user rating']"
372,,tbd,['unable to get the rating']
373,,,"['unable to get the rating', 'unable to get the user rating']"
374,,,"['unable to get the rating', 'unable to get the user rating']"
375,,,"['unable to get the rating', 'unable to get the user rating']"
376,,tbd,['unable to get the rating']
377,,,"['unable to get the rating', 'unable to get the user rating']"
378,,tbd,['unable to get the rating']
379,,,"['unable to get the rating', 'unable to get the user rating']"
380,,tbd,['unable to get the rating']
381,,,"['unable to get the rating', 'unable to get the user rating']"
382,,,"['unable to get the rating', 'unable to get the user rating']"
383,,,"['unable to get the rating', 'unable to get the user rating']"
384,,,"['unable to get the rating', 'unable to get the user rating']"
385,,,"['unable to get the rating', 'unable to get the user rating']"
386,,,"['unable to get the rating', 'unable to get the user rating']"
387,,,"['unable to get the rating', 'unable to get the user rating']"
388,,,"['unable to get the rating', 'unable to get the user rating']"
389,,,"['unable to get the rating', 'unable to get the user rating']"
390,,,"['unable to get the rating', 'unable to get the user rating']"
391,55,3.7,[]
392,,,"['unable to get the rating', 'unable to get the user rating']"
393,,,"['unable to get the rating', 'unable to get the user rating']"
394,,tbd,['unable to get the rating']
395,,,"['unable to get the rating', 'unable to get the user rating']"
396,,7.5,['unable to get the rating']
397,,,"['unable to get the rating', 'unable to get the user rating']"
398,,,"['unable to get the rating', 'unable to get the user rating']"
399,,,"['unable to get the rating', 'unable to get the user rating']"
400,,tbd,['unable to get the rating']
401,,,"['unable to get the rating', 'unable to get the user rating']"
402,,,"['unable to get the rating', 'unable to get the user rating']"
403,,,"['unable to get the rating', 'unable to get the user rating']"
404,,,"['unable to get the rating', 'unable to get the user rating']"
405,,,"['unable to get the rating', 'unable to get the user rating']"
406,,,"['unable to get the rating', 'unable to get the user rating']"
407,,7.0,['unable to get the rating']
408,,,"['unable to get the rating', 'unable to get the user rating']"
409,,,"['unable to get the rating', 'unable to get the user rating']"
410,,,"['unable to get the rating', 'unable to get the user rating']"
411,,,"['unable to get the rating', 'unable to get the user rating']"
412,,,"['unable to get the rating', 'unable to get the user rating']"
413,,,"['unable to get the rating', 'unable to get the user rating']"
414,,,"['unable to get the rating', 'unable to get the user rating']"
415,66,tbd,[]
416,,,"['unable to get the rating', 'unable to get the user rating']"
417,,,"['unable to get the rating', 'unable to get the user rating']"
418,,,"['unable to get the rating', 'unable to get the user rating']"
419,,,"['unable to get the rating', 'unable to get the user rating']"
420,,,"['unable to get the rating', 'unable to get the user rating']"
421,,,"['unable to get the rating', 'unable to get the user rating']"
422,,,"['unable to get the rating', 'unable to get the user rating']"
423,,,"['unable to get the rating', 'unable to get the user rating']"
424,,,"['unable to get the rating', 'unable to get the user rating']"
425,,,"['unable to get the rating', 'unable to get the user rating']"
426,,,"['unable to get the rating', 'unable to get the user rating']"
427,,,"['unable to get the rating', 'unable to get the user rating']"
428,,,"['unable to get the rating', 'unable to get the user rating']"
429,,tbd,['unable to get the rating']
430,,,"['unable to get the rating', 'unable to get the user rating']"
431,,,"['unable to get the rating', 'unable to get the user rating']"
432,,,"['unable to get the rating', 'unable to get the user rating']"
433,,,"['unable to get the rating', 'unable to get the user rating']"
434,,,"['unable to get the rating', 'unable to get the user rating']"
435,,,"['unable to get the rating', 'unable to get the user rating']"
436,,,"['unable to get the rating', 'unable to get the user rating']"
437,,,"['unable to get the rating', 'unable to get the user rating']"
438,,,"['unable to get the rating', 'unable to get the user rating']"
439,,,"['unable to get the rating', 'unable to get the user rating']"
440,,,"['unable to get the rating', 'unable to get the user rating']"
441,,,"['unable to get the rating', 'unable to get the user rating']"
442,,,"['unable to get the rating', 'unable to get the user rating']"
443,,,"['unable to get the rating', 'unable to get the user rating']"
444,,,"['unable to get the rating', 'unable to get the user rating']"
445,,,"['unable to get the rating', 'unable to get the user rating']"
446,,,"['unable to get the rating', 'unable to get the user rating']"
447,,,"['unable to get the rating', 'unable to get the user rating']"
448,,,"['unable to get the rating', 'unable to get the user rating']"
449,,,"['unable to get the rating', 'unable to get the user rating']"
450,,6.5,['unable to get the rating']
451,,,"['unable to get the rating', 'unable to get the user rating']"
452,,,"['unable to get the rating', 'unable to get the user rating']"
453,,tbd,['unable to get the rating']
454,,,"['unable to get the rating', 'unable to get the user rating']"
455,,,"['unable to get the rating', 'unable to get the user rating']"
456,,,"['unable to get the rating', 'unable to get the user rating']"
457,,,"['unable to get the rating', 'unable to get the user rating']"
458,,,"['unable to get the rating', 'unable to get the user rating']"
459,,,"['unable to get the rating', 'unable to get the user rating']"
460,,,"['unable to get the rating', 'unable to get the user rating']"
461,,,"['unable to get the rating', 'unable to get the user rating']"
462,,,"['unable to get the rating', 'unable to get the user rating']"
463,,,"['unable to get the rating', 'unable to get the user rating']"
464,,,"['unable to get the rating', 'unable to get the user rating']"
465,,,"['unable to get the rating', 'unable to get the user rating']"
466,,,"['unable to get the rating', 'unable to get the user rating']"
467,,,"['unable to get the rating', 'unable to get the user rating']"
468,,tbd,['unable to get the rating']
469,,,"['unable to get the rating', 'unable to get the user rating']"
470,,,"['unable to get the rating', 'unable to get the user rating']"
471,,tbd,['unable to get the rating']
472,,,"['unable to get the rating', 'unable to get the user rating']"
473,,tbd,['unable to get the rating']
474,,,"['unable to get the rating', 'unable to get the user rating']"
475,76,tbd,[]
476,,tbd,['unable to get the rating']
477,,tbd,['unable to get the rating']
478,68,7.0,[]
479,,,"['unable to get the rating', 'unable to get the user rating']"
480,,,"['unable to get the rating', 'unable to get the user rating']"
481,,,"['unable to get the rating', 'unable to get the user rating']"
482,,,"['unable to get the rating', 'unable to get the user rating']"
483,,,"['unable to get the rating', 'unable to get the user rating']"
484,,,"['unable to get the rating', 'unable to get the user rating']"
485,,,"['unable to get the rating', 'unable to get the user rating']"
486,,tbd,['unable to get the rating']
487,,,"['unable to get the rating', 'unable to get the user rating']"
488,,,"['unable to get the rating', 'unable to get the user rating']"
489,,,"['unable to get the rating', 'unable to get the user rating']"
490,,tbd,['unable to get the rating']
491,,,"['unable to get the rating', 'unable to get the user rating']"
492,,,"['unable to get the rating', 'unable to get the user rating']"
493,,tbd,['unable to get the rating']
494,,tbd,['unable to get the rating']
495,,,"['unable to get the rating', 'unable to get the user rating']"
496,,,"['unable to get the rating', 'unable to get the user rating']"
497,,,"['unable to get the rating', 'unable to get the user rating']"
498,,tbd,['unable to get the rating']
499,,,"['unable to get the rating', 'unable to get the user rating']"
500,,,"['unable to get the rating', 'unable to get the user rating']"
501,,,"['unable to get the rating', 'unable to get the user rating']"
502,,,"['unable to get the rating', 'unable to get the user rating']"
503,,,"['unable to get the rating', 'unable to get the user rating']"
504,,,"['unable to get the rating', 'unable to get the user rating']"
505,,,"['unable to get the rating', 'unable to get the user rating']"
506,,,"['unable to get the rating', 'unable to get the user rating']"
507,,,"['unable to get the rating', 'unable to get the user rating']"
508,,tbd,['unable to get the rating']
509,,,"['unable to get the rating', 'unable to get the user rating']"
510,,,"['unable to get the rating', 'unable to get the user rating']"
511,,,"['unable to get the rating', 'unable to get the user rating']"
512,,tbd,['unable to get the rating']
513,,,"['unable to get the rating', 'unable to get the user rating']"
514,,,"['unable to get the rating', 'unable to get the user rating']"
515,,,"['unable to get the rating', 'unable to get the user rating']"
516,,tbd,['unable to get the rating']
517,,tbd,['unable to get the rating']
518,,,"['unable to get the rating', 'unable to get the user rating']"
519,,tbd,['unable to get the rating']
520,,tbd,['unable to get the rating']
521,,,"['unable to get the rating', 'unable to get the user rating']"
522,,,"['unable to get the rating', 'unable to get the user rating']"
523,,,"['unable to get the rating', 'unable to get the user rating']"
524,,,"['unable to get the rating', 'unable to get the user rating']"
525,72,6.5,[]
526,,,"['unable to get the rating', 'unable to get the user rating']"
527,,tbd,['unable to get the rating']
528,,,"['unable to get the rating', 'unable to get the user rating']"
529,,,"['unable to get the rating', 'unable to get the user rating']"
530,,,"['unable to get the rating', 'unable to get the user rating']"
531,,,"['unable to get the rating', 'unable to get the user rating']"
532,,,"['unable to get the rating', 'unable to get the user rating']"
533,,,"['unable to get the rating', 'unable to get the user rating']"
534,,,"['unable to get the rating', 'unable to get the user rating']"
535,,,"['unable to get the rating', 'unable to get the user rating']"
536,,,"['unable to get the rating', 'unable to get the user rating']"
537,,,"['unable to get the rating', 'unable to get the user rating']"
538,,tbd,['unable to get the rating']
539,,,"['unable to get the rating', 'unable to get the user rating']"
540,,,"['unable to get the rating', 'unable to get the user rating']"
541,,,"['unable to get the rating', 'unable to get the user rating']"
542,,,"['unable to get the rating', 'unable to get the user rating']"
543,,,"['unable to get the rating', 'unable to get the user rating']"
544,,,"['unable to get the rating', 'unable to get the user rating']"
545,,,"['unable to get the rating', 'unable to get the user rating']"
546,,,"['unable to get the rating', 'unable to get the user rating']"
547,,tbd,['unable to get the rating']
548,,,"['unable to get the rating', 'unable to get the user rating']"
549,,,"['unable to get the rating', 'unable to get the user rating']"
550,,,"['unable to get the rating', 'unable to get the user rating']"
551,,,"['unable to get the rating', 'unable to get the user rating']"
552,,,"['unable to get the rating', 'unable to get the user rating']"
553,,,"['unable to get the rating', 'unable to get the user rating']"
554,,tbd,['unable to get the rating']
555,,,"['unable to get the rating', 'unable to get the user rating']"
556,,,"['unable to get the rating', 'unable to get the user rating']"
557,,,"['unable to get the rating', 'unable to get the user rating']"
558,,,"['unable to get the rating', 'unable to get the user rating']"
559,,tbd,['unable to get the rating']
560,,,"['unable to get the rating', 'unable to get the user rating']"
561,,,"['unable to get the rating', 'unable to get the user rating']"
562,,,"['unable to get the rating', 'unable to get the user rating']"
563,,,"['unable to get the rating', 'unable to get the user rating']"
564,,tbd,['unable to get the rating']
565,,,"['unable to get the rating', 'unable to get the user rating']"
566,,,"['unable to get the rating', 'unable to get the user rating']"
567,,,"['unable to get the rating', 'unable to get the user rating']"
568,,,"['unable to get the rating', 'unable to get the user rating']"
569,,,"['unable to get the rating', 'unable to get the user rating']"
570,,,"['unable to get the rating', 'unable to get the user rating']"
571,,,"['unable to get the rating', 'unable to get the user rating']"
572,,,"['unable to get the rating', 'unable to get the user rating']"
573,,,"['unable to get the rating', 'unable to get the user rating']"
574,,,"['unable to get the rating', 'unable to get the user rating']"
575,,,"['unable to get the rating', 'unable to get the user rating']"
576,,,"['unable to get the rating', 'unable to get the user rating']"
577,,tbd,['unable to get the rating']
578,,tbd,['unable to get the rating']
579,,,"['unable to get the rating', 'unable to get the user rating']"
580,,tbd,['unable to get the rating']
581,,,"['unable to get the rating', 'unable to get the user rating']"
582,,,"['unable to get the rating', 'unable to get the user rating']"
583,,tbd,['unable to get the rating']
584,,,"['unable to get the rating', 'unable to get the user rating']"
585,,,"['unable to get the rating', 'unable to get the user rating']"
586,,,"['unable to get the rating', 'unable to get the user rating']"
587,,,"['unable to get the rating', 'unable to get the user rating']"
588,,,"['unable to get the rating', 'unable to get the user rating']"
589,,,"['unable to get the rating', 'unable to get the user rating']"
590,,,"['unable to get the rating', 'unable to get the user rating']"
591,,,"['unable to get the rating', 'unable to get the user rating']"
592,,,"['unable to get the rating', 'unable to get the user rating']"
593,,,"['unable to get the rating', 'unable to get the user rating']"
594,,,"['unable to get the rating', 'unable to get the user rating']"
595,,,"['unable to get the rating', 'unable to get the user rating']"
596,,,"['unable to get the rating', 'unable to get the user rating']"
597,,,"['unable to get the rating', 'unable to get the user rating']"
598,,tbd,['unable to get the rating']
599,,,"['unable to get the rating', 'unable to get the user rating']"
600,,,"['unable to get the rating', 'unable to get the user rating']"
601,,,"['unable to get the rating', 'unable to get the user rating']"
602,,tbd,['unable to get the rating']
603,,,"['unable to get the rating', 'unable to get the user rating']"
604,,,"['unable to get the rating', 'unable to get the user rating']"
605,,,"['unable to get the rating', 'unable to get the user rating']"
606,,,"['unable to get the rating', 'unable to get the user rating']"
607,,,"['unable to get the rating', 'unable to get the user rating']"
608,,tbd,['unable to get the rating']
609,,,"['unable to get the rating', 'unable to get the user rating']"
610,,,"['unable to get the rating', 'unable to get the user rating']"
611,,,"['unable to get the rating', 'unable to get the user rating']"
612,,,"['unable to get the rating', 'unable to get the user rating']"
613,,,"['unable to get the rating', 'unable to get the user rating']"
614,,,"['unable to get the rating', 'unable to get the user rating']"
615,,,"['unable to get the rating', 'unable to get the user rating']"
616,,,"['unable to get the rating', 'unable to get the user rating']"
617,,,"['unable to get the rating', 'unable to get the user rating']"
618,,,"['unable to get the rating', 'unable to get the user rating']"
619,,,"['unable to get the rating', 'unable to get the user rating']"
620,,,"['unable to get the rating', 'unable to get the user rating']"
621,,,"['unable to get the rating', 'unable to get the user rating']"
622,,,"['unable to get the rating', 'unable to get the user rating']"
623,,,"['unable to get the rating', 'unable to get the user rating']"
624,,,"['unable to get the rating', 'unable to get the user rating']"
625,,,"['unable to get the rating', 'unable to get the user rating']"
626,74,tbd,[]
627,,,"['unable to get the rating', 'unable to get the user rating']"
628,56,tbd,[]
629,,,"['unable to get the rating', 'unable to get the user rating']"
630,,,"['unable to get the rating', 'unable to get the user rating']"
631,,tbd,['unable to get the rating']
632,,,"['unable to get the rating', 'unable to get the user rating']"
633,,,"['unable to get the rating', 'unable to get the user rating']"
634,63,6.4,[]
635,,,"['unable to get the rating', 'unable to get the user rating']"
636,,,"['unable to get the rating', 'unable to get the user rating']"
637,,,"['unable to get the rating', 'unable to get the user rating']"
638,,,"['unable to get the rating', 'unable to get the user rating']"
639,,tbd,['unable to get the rating']
640,,,"['unable to get the rating', 'unable to get the user rating']"
641,,,"['unable to get the rating', 'unable to get the user rating']"
642,,,"['unable to get the rating', 'unable to get the user rating']"
643,,tbd,['unable to get the rating']
644,,,"['unable to get the rating', 'unable to get the user rating']"
645,,tbd,['unable to get the rating']
646,,,"['unable to get the rating', 'unable to get the user rating']"
647,,,"['unable to get the rating', 'unable to get the user rating']"
648,,tbd,['unable to get the rating']
649,,tbd,['unable to get the rating']
650,,,"['unable to get the rating', 'unable to get the user rating']"
651,,,"['unable to get the rating', 'unable to get the user rating']"
652,,,"['unable to get the rating', 'unable to get the user rating']"
653,,,"['unable to get the rating', 'unable to get the user rating']"
654,,tbd,['unable to get the rating']
655,,,"['unable to get the rating', 'unable to get the user rating']"
656,,,"['unable to get the rating', 'unable to get the user rating']"
657,,,"['unable to get the rating', 'unable to get the user rating']"
658,,,"['unable to get the rating', 'unable to get the user rating']"
659,,,"['unable to get the rating', 'unable to get the user rating']"
660,,,"['unable to get the rating', 'unable to get the user rating']"
661,,,"['unable to get the rating', 'unable to get the user rating']"
662,,,"['unable to get the rating', 'unable to get the user rating']"
663,,,"['unable to get the rating', 'unable to get the user rating']"
664,,,"['unable to get the rating', 'unable to get the user rating']"
665,,tbd,['unable to get the rating']
666,,,"['unable to get the rating', 'unable to get the user rating']"
667,60,tbd,[]
668,,tbd,['unable to get the rating']
669,,,"['unable to get the rating', 'unable to get the user rating']"
670,,,"['unable to get the rating', 'unable to get the user rating']"
671,,,"['unable to get the rating', 'unable to get the user rating']"
672,,,"['unable to get the rating', 'unable to get the user rating']"
673,,tbd,['unable to get the rating']
674,,,"['unable to get the rating', 'unable to get the user rating']"
675,,tbd,['unable to get the rating']
676,,,"['unable to get the rating', 'unable to get the user rating']"
677,,,"['unable to get the rating', 'unable to get the user rating']"
678,,,"['unable to get the rating', 'unable to get the user rating']"
679,,,"['unable to get the rating', 'unable to get the user rating']"
680,,,"['unable to get the rating', 'unable to get the user rating']"
681,,,"['unable to get the rating', 'unable to get the user rating']"
682,,tbd,['unable to get the rating']
683,,,"['unable to get the rating', 'unable to get the user rating']"
684,,,"['unable to get the rating', 'unable to get the user rating']"
685,,,"['unable to get the rating', 'unable to get the user rating']"
686,,,"['unable to get the rating', 'unable to get the user rating']"
687,,,"['unable to get the rating', 'unable to get the user rating']"
688,,,"['unable to get the rating', 'unable to get the user rating']"
689,,,"['unable to get the rating', 'unable to get the user rating']"
690,,tbd,['unable to get the rating']
691,,tbd,['unable to get the rating']
692,,,"['unable to get the rating', 'unable to get the user rating']"
693,,,"['unable to get the rating', 'unable to get the user rating']"
694,,,"['unable to get the rating', 'unable to get the user rating']"
695,,,"['unable to get the rating', 'unable to get the user rating']"
696,,,"['unable to get the rating', 'unable to get the user rating']"
697,,,"['unable to get the rating', 'unable to get the user rating']"
698,,,"['unable to get the rating', 'unable to get the user rating']"
699,,,"['unable to get the rating', 'unable to get the user rating']"
700,,tbd,['unable to get the rating']
701,,,"['unable to get the rating', 'unable to get the user rating']"
702,,,"['unable to get the rating', 'unable to get the user rating']"
703,,,"['unable to get the rating', 'unable to get the user rating']"
704,,,"['unable to get the rating', 'unable to get the user rating']"
705,,,"['unable to get the rating', 'unable to get the user rating']"
706,,,"['unable to get the rating', 'unable to get the user rating']"
707,,,"['unable to get the rating', 'unable to get the user rating']"
708,,,"['unable to get the rating', 'unable to get the user rating']"
709,,,"['unable to get the rating', 'unable to get the user rating']"
710,,,"['unable to get the rating', 'unable to get the user rating']"
711,,,"['unable to get the rating', 'unable to get the user rating']"
712,,,"['unable to get the rating', 'unable to get the user rating']"
713,73,6.5,[]
714,,,"['unable to get the rating', 'unable to get the user rating']"
715,,,"['unable to get the rating', 'unable to get the user rating']"
716,,,"['unable to get the rating', 'unable to get the user rating']"
717,,,"['unable to get the rating', 'unable to get the user rating']"
718,,,"['unable to get the rating', 'unable to get the user rating']"
719,,,"['unable to get the rating', 'unable to get the user rating']"
720,,,"['unable to get the rating', 'unable to get the user rating']"
721,,,"['unable to get the rating', 'unable to get the user rating']"
722,,,"['unable to get the rating', 'unable to get the user rating']"
723,,,"['unable to get the rating', 'unable to get the user rating']"
724,,,"['unable to get the rating', 'unable to get the user rating']"
725,,,"['unable to get the rating', 'unable to get the user rating']"
726,,,"['unable to get the rating', 'unable to get the user rating']"
727,,,"['unable to get the rating', 'unable to get the user rating']"
728,,,"['unable to get the rating', 'unable to get the user rating']"
729,,,"['unable to get the rating', 'unable to get the user rating']"
730,,tbd,['unable to get the rating']
731,,,"['unable to get the rating', 'unable to get the user rating']"
732,,,"['unable to get the rating', 'unable to get the user rating']"
733,,,"['unable to get the rating', 'unable to get the user rating']"
734,,,"['unable to get the rating', 'unable to get the user rating']"
735,,,"['unable to get the rating', 'unable to get the user rating']"
736,,,"['unable to get the rating', 'unable to get the user rating']"
737,,,"['unable to get the rating', 'unable to get the user rating']"
738,,,"['unable to get the rating', 'unable to get the user rating']"
739,,,"['unable to get the rating', 'unable to get the user rating']"
740,,tbd,['unable to get the rating']
741,,,"['unable to get the rating', 'unable to get the user rating']"
742,,,"['unable to get the rating', 'unable to get the user rating']"
743,,,"['unable to get the rating', 'unable to get the user rating']"
744,,,"['unable to get the rating', 'unable to get the user rating']"
745,,,"['unable to get the rating', 'unable to get the user rating']"
746,,,"['unable to get the rating', 'unable to get the user rating']"
747,,tbd,['unable to get the rating']
748,,,"['unable to get the rating', 'unable to get the user rating']"
749,,,"['unable to get the rating', 'unable to get the user rating']"
750,,,"['unable to get the rating', 'unable to get the user rating']"
751,,,"['unable to get the rating', 'unable to get the user rating']"
752,,tbd,['unable to get the rating']
753,,,"['unable to get the rating', 'unable to get the user rating']"
754,,tbd,['unable to get the rating']
755,,,"['unable to get the rating', 'unable to get the user rating']"
756,,tbd,['unable to get the rating']
757,,,"['unable to get the rating', 'unable to get the user rating']"
758,,,"['unable to get the rating', 'unable to get the user rating']"
759,,,"['unable to get the rating', 'unable to get the user rating']"
760,,,"['unable to get the rating', 'unable to get the user rating']"
761,,,"['unable to get the rating', 'unable to get the user rating']"
762,,,"['unable to get the rating', 'unable to get the user rating']"
763,77,7.8,[]
764,,,"['unable to get the rating', 'unable to get the user rating']"
765,,,"['unable to get the rating', 'unable to get the user rating']"
766,,,"['unable to get the rating', 'unable to get the user rating']"
767,,,"['unable to get the rating', 'unable to get the user rating']"
768,,tbd,['unable to get the rating']
769,,,"['unable to get the rating', 'unable to get the user rating']"
770,,,"['unable to get the rating', 'unable to get the user rating']"
771,,,"['unable to get the rating', 'unable to get the user rating']"
772,,,"['unable to get the rating', 'unable to get the user rating']"
773,,,"['unable to get the rating', 'unable to get the user rating']"
774,,,"['unable to get the rating', 'unable to get the user rating']"
775,,,"['unable to get the rating', 'unable to get the user rating']"
776,,,"['unable to get the rating', 'unable to get the user rating']"
777,,,"['unable to get the rating', 'unable to get the user rating']"
778,,tbd,['unable to get the rating']
779,,,"['unable to get the rating', 'unable to get the user rating']"
780,,,"['unable to get the rating', 'unable to get the user rating']"
781,,,"['unable to get the rating', 'unable to get the user rating']"
782,,,"['unable to get the rating', 'unable to get the user rating']"
783,,,"['unable to get the rating', 'unable to get the user rating']"
784,,tbd,['unable to get the rating']
785,,,"['unable to get the rating', 'unable to get the user rating']"
786,,,"['unable to get the rating', 'unable to get the user rating']"
787,,,"['unable to get the rating', 'unable to get the user rating']"
788,,,"['unable to get the rating', 'unable to get the user rating']"
789,,,"['unable to get the rating', 'unable to get the user rating']"
790,,,"['unable to get the rating', 'unable to get the user rating']"
791,,tbd,['unable to get the rating']
792,,,"['unable to get the rating', 'unable to get the user rating']"
793,,,"['unable to get the rating', 'unable to get the user rating']"
794,,,"['unable to get the rating', 'unable to get the user rating']"
795,,,"['unable to get the rating', 'unable to get the user rating']"
796,,,"['unable to get the rating', 'unable to get the user rating']"
797,,,"['unable to get the rating', 'unable to get the user rating']"
798,,tbd,['unable to get the rating']
799,,,"['unable to get the rating', 'unable to get the user rating']"
800,,tbd,['unable to get the rating']
801,,,"['unable to get the rating', 'unable to get the user rating']"
802,,,"['unable to get the rating', 'unable to get the user rating']"
803,,,"['unable to get the rating', 'unable to get the user rating']"
804,,,"['unable to get the rating', 'unable to get the user rating']"
805,,,"['unable to get the rating', 'unable to get the user rating']"
806,,,"['unable to get the rating', 'unable to get the user rating']"
807,,tbd,['unable to get the rating']
808,,,"['unable to get the rating', 'unable to get the user rating']"
809,,,"['unable to get the rating', 'unable to get the user rating']"
810,,,"['unable to get the rating', 'unable to get the user rating']"
811,,,"['unable to get the rating', 'unable to get the user rating']"
812,,,"['unable to get the rating', 'unable to get the user rating']"
813,,,"['unable to get the rating', 'unable to get the user rating']"
814,,,"['unable to get the rating', 'unable to get the user rating']"
815,,,"['unable to get the rating', 'unable to get the user rating']"
816,,,"['unable to get the rating', 'unable to get the user rating']"
817,,tbd,['unable to get the rating']
818,,,"['unable to get the rating', 'unable to get the user rating']"
819,,,"['unable to get the rating', 'unable to get the user rating']"
820,,,"['unable to get the rating', 'unable to get the user rating']"
821,,tbd,['unable to get the rating']
822,,,"['unable to get the rating', 'unable to get the user rating']"
823,,,"['unable to get the rating', 'unable to get the user rating']"
824,,,"['unable to get the rating', 'unable to get the user rating']"
825,,,"['unable to get the rating', 'unable to get the user rating']"
826,,,"['unable to get the rating', 'unable to get the user rating']"
827,,tbd,['unable to get the rating']
828,,,"['unable to get the rating', 'unable to get the user rating']"
829,,,"['unable to get the rating', 'unable to get the user rating']"
830,,tbd,['unable to get the rating']
831,,,"['unable to get the rating', 'unable to get the user rating']"
832,,,"['unable to get the rating', 'unable to get the user rating']"
833,,,"['unable to get the rating', 'unable to get the user rating']"
834,84,8.2,[]
835,,,"['unable to get the rating', 'unable to get the user rating']"
836,63,7.3,[]
837,,,"['unable to get the rating', 'unable to get the user rating']"
838,,6.0,['unable to get the rating']
839,,,"['unable to get the rating', 'unable to get the user rating']"
840,,,"['unable to get the rating', 'unable to get the user rating']"
841,,tbd,['unable to get the rating']
842,,,"['unable to get the rating', 'unable to get the user rating']"
843,,,"['unable to get the rating', 'unable to get the user rating']"
844,,tbd,['unable to get the rating']
845,,,"['unable to get the rating', 'unable to get the user rating']"
846,,tbd,['unable to get the rating']
847,,tbd,['unable to get the rating']
848,,,"['unable to get the rating', 'unable to get the user rating']"
849,,,"['unable to get the rating', 'unable to get the user rating']"
850,,,"['unable to get the rating', 'unable to get the user rating']"
851,,,"['unable to get the rating', 'unable to get the user rating']"
852,,,"['unable to get the rating', 'unable to get the user rating']"
853,,,"['unable to get the rating', 'unable to get the user rating']"
854,,,"['unable to get the rating', 'unable to get the user rating']"
855,,,"['unable to get the rating', 'unable to get the user rating']"
856,,,"['unable to get the rating', 'unable to get the user rating']"
857,,,"['unable to get the rating', 'unable to get the user rating']"
858,,,"['unable to get the rating', 'unable to get the user rating']"
859,,,"['unable to get the rating', 'unable to get the user rating']"
860,,tbd,['unable to get the rating']
861,,,"['unable to get the rating', 'unable to get the user rating']"
862,,,"['unable to get the rating', 'unable to get the user rating']"
863,,,"['unable to get the rating', 'unable to get the user rating']"
864,,tbd,['unable to get the rating']
865,,tbd,['unable to get the rating']
866,,,"['unable to get the rating', 'unable to get the user rating']"
867,,,"['unable to get the rating', 'unable to get the user rating']"
868,,,"['unable to get the rating', 'unable to get the user rating']"
869,,,"['unable to get the rating', 'unable to get the user rating']"
870,,,"['unable to get the rating', 'unable to get the user rating']"
871,,tbd,['unable to get the rating']
872,,,"['unable to get the rating', 'unable to get the user rating']"
873,,,"['unable to get the rating', 'unable to get the user rating']"
874,,,"['unable to get the rating', 'unable to get the user rating']"
875,,,"['unable to get the rating', 'unable to get the user rating']"
876,,,"['unable to get the rating', 'unable to get the user rating']"
877,61,5.8,[]
878,,tbd,['unable to get the rating']
879,,tbd,['unable to get the rating']
880,,,"['unable to get the rating', 'unable to get the user rating']"
881,,,"['unable to get the rating', 'unable to get the user rating']"
882,,,"['unable to get the rating', 'unable to get the user rating']"
883,,,"['unable to get the rating', 'unable to get the user rating']"
884,,,"['unable to get the rating', 'unable to get the user rating']"
885,,,"['unable to get the rating', 'unable to get the user rating']"
886,,,"['unable to get the rating', 'unable to get the user rating']"
887,,,"['unable to get the rating', 'unable to get the user rating']"
888,,,"['unable to get the rating', 'unable to get the user rating']"
889,,,"['unable to get the rating', 'unable to get the user rating']"
890,,,"['unable to get the rating', 'unable to get the user rating']"
891,,,"['unable to get the rating', 'unable to get the user rating']"
892,,tbd,['unable to get the rating']
893,,,"['unable to get the rating', 'unable to get the user rating']"
894,,,"['unable to get the rating', 'unable to get the user rating']"
895,,,"['unable to get the rating', 'unable to get the user rating']"
896,,,"['unable to get the rating', 'unable to get the user rating']"
897,,tbd,['unable to get the rating']
898,,,"['unable to get the rating', 'unable to get the user rating']"
899,,,"['unable to get the rating', 'unable to get the user rating']"
900,77,8.0,[]
901,,,"['unable to get the rating', 'unable to get the user rating']"
902,,,"['unable to get the rating', 'unable to get the user rating']"
903,,,"['unable to get the rating', 'unable to get the user rating']"
904,,tbd,['unable to get the rating']
905,,tbd,['unable to get the rating']
906,,tbd,['unable to get the rating']
907,,,"['unable to get the rating', 'unable to get the user rating']"
908,,,"['unable to get the rating', 'unable to get the user rating']"
909,,,"['unable to get the rating', 'unable to get the user rating']"
910,,,"['unable to get the rating', 'unable to get the user rating']"
911,,,"['unable to get the rating', 'unable to get the user rating']"
912,,tbd,['unable to get the rating']
913,,,"['unable to get the rating', 'unable to get the user rating']"
914,,,"['unable to get the rating', 'unable to get the user rating']"
915,,,"['unable to get the rating', 'unable to get the user rating']"
916,,,"['unable to get the rating', 'unable to get the user rating']"
917,,,"['unable to get the rating', 'unable to get the user rating']"
918,,,"['unable to get the rating', 'unable to get the user rating']"
919,,,"['unable to get the rating', 'unable to get the user rating']"
920,,,"['unable to get the rating', 'unable to get the user rating']"
921,,,"['unable to get the rating', 'unable to get the user rating']"
922,,tbd,['unable to get the rating']
923,,,"['unable to get the rating', 'unable to get the user rating']"
924,,,"['unable to get the rating', 'unable to get the user rating']"
925,,,"['unable to get the rating', 'unable to get the user rating']"
926,,,"['unable to get the rating', 'unable to get the user rating']"
927,,,"['unable to get the rating', 'unable to get the user rating']"
928,66,tbd,[]
929,,,"['unable to get the rating', 'unable to get the user rating']"
930,,,"['unable to get the rating', 'unable to get the user rating']"
931,,,"['unable to get the rating', 'unable to get the user rating']"
932,,,"['unable to get the rating', 'unable to get the user rating']"
933,,,"['unable to get the rating', 'unable to get the user rating']"
934,,,"['unable to get the rating', 'unable to get the user rating']"
935,,tbd,['unable to get the rating']
936,,,"['unable to get the rating', 'unable to get the user rating']"
937,,,"['unable to get the rating', 'unable to get the user rating']"
938,,,"['unable to get the rating', 'unable to get the user rating']"
939,,,"['unable to get the rating', 'unable to get the user rating']"
940,,,"['unable to get the rating', 'unable to get the user rating']"
941,,,"['unable to get the rating', 'unable to get the user rating']"
942,,,"['unable to get the rating', 'unable to get the user rating']"
943,,tbd,['unable to get the rating']
944,,,"['unable to get the rating', 'unable to get the user rating']"
945,,tbd,['unable to get the rating']
946,,,"['unable to get the rating', 'unable to get the user rating']"
947,,,"['unable to get the rating', 'unable to get the user rating']"
948,,tbd,['unable to get the rating']
949,,,"['unable to get the rating', 'unable to get the user rating']"
950,,,"['unable to get the rating', 'unable to get the user rating']"
951,,,"['unable to get the rating', 'unable to get the user rating']"
952,,,"['unable to get the rating', 'unable to get the user rating']"
953,,,"['unable to get the rating', 'unable to get the user rating']"
954,,,"['unable to get the rating', 'unable to get the user rating']"
955,,,"['unable to get the rating', 'unable to get the user rating']"
956,,,"['unable to get the rating', 'unable to get the user rating']"
957,,,"['unable to get the rating', 'unable to get the user rating']"
958,,tbd,['unable to get the rating']
959,,,"['unable to get the rating', 'unable to get the user rating']"
960,,tbd,['unable to get the rating']
961,,,"['unable to get the rating', 'unable to get the user rating']"
962,,,"['unable to get the rating', 'unable to get the user rating']"
963,,,"['unable to get the rating', 'unable to get the user rating']"
964,,,"['unable to get the rating', 'unable to get the user rating']"
965,,tbd,['unable to get the rating']
966,,,"['unable to get the rating', 'unable to get the user rating']"
967,,,"['unable to get the rating', 'unable to get the user rating']"
968,,,"['unable to get the rating', 'unable to get the user rating']"
969,,,"['unable to get the rating', 'unable to get the user rating']"
970,,,"['unable to get the rating', 'unable to get the user rating']"
971,,,"['unable to get the rating', 'unable to get the user rating']"
972,,,"['unable to get the rating', 'unable to get the user rating']"
973,,,"['unable to get the rating', 'unable to get the user rating']"
974,,,"['unable to get the rating', 'unable to get the user rating']"
975,,,"['unable to get the rating', 'unable to get the user rating']"
976,72,tbd,[]
977,64,7.0,[]
978,,,"['unable to get the rating', 'unable to get the user rating']"
979,,,"['unable to get the rating', 'unable to get the user rating']"
980,,,"['unable to get the rating', 'unable to get the user rating']"
981,,,"['unable to get the rating', 'unable to get the user rating']"
982,,,"['unable to get the rating', 'unable to get the user rating']"
983,,,"['unable to get the rating', 'unable to get the user rating']"
984,,,"['unable to get the rating', 'unable to get the user rating']"
985,,tbd,['unable to get the rating']
986,,tbd,['unable to get the rating']
987,,tbd,['unable to get the rating']
988,,,"['unable to get the rating', 'unable to get the user rating']"
989,,,"['unable to get the rating', 'unable to get the user rating']"
990,74,tbd,[]
991,,,"['unable to get the rating', 'unable to get the user rating']"
992,,tbd,['unable to get the rating']
993,,5.2,['unable to get the rating']
994,,,"['unable to get the rating', 'unable to get the user rating']"
995,,,"['unable to get the rating', 'unable to get the user rating']"
996,,,"['unable to get the rating', 'unable to get the user rating']"
997,,,"['unable to get the rating', 'unable to get the user rating']"
998,56,tbd,[]
999,,,"['unable to get the rating', 'unable to get the user rating']"
